Birmingham,AL
Mobile,AL
Montgomery,AL
Tanner,AL
Anchorage,Alaska
Phoenix,AZ
Tucson,AZ
Fayetteville,AR
Little Rock,AR
Bakersfield,CA
Fresno,CA
Hayward,CA
Los Angeles,CA
Martinez,CA
Rancho Cucamonga,CA
Sacramento,CA
San Bernardino,CA
San Diego,CA
San Jose,CA
So Sacramento,CA
Sun Valley,CA
Vallejo,CA
Van Nuys,CA
CO Springs,CO
Denver,CO
Denver Central,CO
Denver South,CO
Hartford,CT
Seaford,DE
Ft. Pierce,FL
Jacksonville East,FL
Jacksonville West,FL
Miami Central,FL
Miami North,FL
Miami South,FL
Ocala,FL
Orlando,FL
Orlando North,FL
Punta Gorda,FL
Tallahassee,FL
Tampa South,FL
West Palm Beach,FL
Atlanta East,GA
Atlanta North,GA
Atlanta South
Atlanta West,GA
Cartersville,GA
Savannah,GA
Tifton,GA
Honolulu,HI
Boise,ID
Chicago North,IL
Chicago South,IL
Peoria,IL
Southern IL,IL
Wheeling,IL
Fort Wayne,IN
Hammond,IN
INpolis,IN
CrashedToys Eldridge,IA
Davenport,IA
Des Moines,IA
Kansas City,KS
Wichita,KS
Lexington East,KY
Lexington West,KY
Louisville,KY
Walton,KY
Baton Rouge,LA
New Orleans,LA
Shreveport,LA
Lyman,ME
WA DC,MD
Baltimore,MD
North Boston,MA
South Boston,MA
West Warren,MA
Detroit,MI
Flint,MI
Ionia,MI
Kincheloe,MI
Lansing,MI
CrashedToys East Bethel,MN
Minneapolis,MN
Minneapolis North,MN
St. Cloud,MN
Jackson,MS
Columbia,MO
Sikeston,MO
Springfield,MO
St. Louis,MO
Billings,MT
Helena,MT
Lincoln,NE
Las Vegas,NV
Reno,Nevada
Candia,NH
Glassboro East,NJ
Somerville,NJ
Trenton,NJ
Albuquerque,NM
Albany,NY
Long Island,NY
Newburgh,NY
Rochester,NY
Syracuse,NY
China Grove,NC
Mebane,NC
Raleigh,NC
Cleveland East,OH
Cleveland West,OH
Columbus,OH
Dayton,OH
Oklahoma City,OK
Tulsa,OK
Eugene,PA
Portland North,PA
Portland South,PA
Altoona,PA
Chambersburg,PA
Harrisburg,PA
Philadelphia,PA
Philadelphia East,PA
Pittsburgh East,PA
Pittsburgh North,PA
Pittsburgh South,PA
Scranton,PA
York Haven,PA
Columbia,SC
Greer,SC
Knoxville,TN
Memphis,TN
Nashville,TN
Abilene,TX
Amarillo,TX
Austin,TX
Corpus Christi,TX
CrashedToys Dallas,TX
Dallas,TX
Dallas South,TX
El Paso,TX
Ft. Worth,TX
Houston,TX
Longview,TX
Lufkin,TX
McAllen,TX
San Antonio,TX
Waco,TX
Ogden,UT
Salt Lake City,UT
Danville,VA
Hampton,VA
Richmond,VA
est Yard,WA
Graham,WA
North Seattle,WA
Pasco,WA
Spokane,WA
Charleston,WV
Madison,WI
Milwaukee,WI
Casper,WY